num,item,datetime,description,timestamp
4,The Womb,2015-02-16T17:52:00Z,Chapter 4 - The Womb unlocked.,"Feb 16, 2015 @ 5:52pm"
5,The Harbingers,2015-02-16T17:52:00Z,The horsemen are loose.,"Feb 16, 2015 @ 5:52pm"
6,A Cube of Meat,2015-02-16T17:52:00Z,Unlocked a new item.,"Feb 16, 2015 @ 5:52pm"
13,Monstro's Tooth,2015-02-16T17:52:00Z,Unlocked a new item.,"Feb 16, 2015 @ 5:52pm"
14,Lil' Chubby,2015-02-16T17:52:00Z,Unlocked a new item.,"Feb 16, 2015 @ 5:52pm"
22,The Book of Sin,2015-02-16T17:52:00Z,Unlocked a new item.,"Feb 16, 2015 @ 5:52pm"
79,Azazel,2015-02-16T17:52:00Z,Unlocked a new character.,"Feb 16, 2015 @ 5:52pm"
80,Lazarus,2015-02-16T17:52:00Z,Unlocked a new character.,"Feb 16, 2015 @ 5:52pm"
85,Lucky Rock,2015-02-16T17:52:00Z,Destroy 100 rocks.,"Feb 16, 2015 @ 5:52pm"
143,Butter Bean,2015-02-16T17:52:00Z,Unlocked a new item.,"Feb 16, 2015 @ 5:52pm"
164,Purist,2015-02-16T17:52:00Z,Unlocked Challenge #20.,"Feb 16, 2015 @ 5:52pm"
7,The Book of Revelations,2015-02-16T17:58:00Z,Unlocked a new item.,"Feb 16, 2015 @ 5:58pm"
87,The Catacombs,2015-02-16T19:17:00Z,Alt stage to the caves.,"Feb 16, 2015 @ 7:17pm"
1,Magdalene,2015-02-17T18:19:00Z,Unlocked a new character.,"Feb 17, 2015 @ 6:19pm"
2,Cain,2015-02-17T18:19:00Z,Unlocked a new character.,"Feb 17, 2015 @ 6:19pm"
93,Rune of Ansuz,2015-02-17T18:19:00Z,Unlocked a new item.,"Feb 17, 2015 @ 6:19pm"
102,Robo-Baby 2.0,2015-02-17T18:19:00Z,Unlocked a new item.,"Feb 17, 2015 @ 6:19pm"
156,The Tank,2015-02-17T18:19:00Z,Unlocked Challenge #5.,"Feb 17, 2015 @ 6:19pm"
161,Cursed!,2015-02-17T18:19:00Z,Unlocked Challenge #10.,"Feb 17, 2015 @ 6:19pm"
37,Basement Boy,2015-02-17T18:28:00Z,Beat basement without taking damage.,"Feb 17, 2015 @ 6:28pm"
42,Eve,2015-02-17T18:29:00Z,Unlocked a new character.,"Feb 17, 2015 @ 6:29pm"
67,Samson,2015-02-17T18:29:00Z,Unlocked a new character.,"Feb 17, 2015 @ 6:29pm"
8,A Noose,2015-02-19T17:45:00Z,Unlocked a new item.,"Feb 19, 2015 @ 5:45pm"
16,Something From The Future,2015-02-19T17:45:00Z,New boss in the basement!,"Feb 19, 2015 @ 5:45pm"
26,A Gamekid,2015-02-19T17:45:00Z,Unlocked a new item.,"Feb 19, 2015 @ 5:45pm"
28,Mr. Mega,2015-02-19T17:45:00Z,Unlocked a new item.,"Feb 19, 2015 @ 5:45pm"
33,Everything is Terrible!!!,2015-02-19T17:45:00Z,The game just got harder!,"Feb 19, 2015 @ 5:45pm"
35,Mom's Contact,2015-02-19T17:45:00Z,Unlocked a new item.,"Feb 19, 2015 @ 5:45pm"
77,The Left Hand,2015-02-19T17:45:00Z,Unlocked a new item.,"Feb 19, 2015 @ 5:45pm"
81,Eden,2015-02-19T17:45:00Z,Unlocked a new character.,"Feb 19, 2015 @ 5:45pm"
88,The Necropolis,2015-02-19T17:45:00Z,Alt stage to the depths.,"Feb 19, 2015 @ 5:45pm"
101,Swallowed Penny,2015-02-19T17:45:00Z,Unlocked a new item.,"Feb 19, 2015 @ 5:45pm"
137,Wire Coat Hanger,2015-02-19T17:45:00Z,Unlocked a new item.,"Feb 19, 2015 @ 5:45pm"
140,Krampus,2015-02-19T17:45:00Z,Unlocked another miniboss!,"Feb 19, 2015 @ 5:45pm"
141,Head of Krampus,2015-02-19T17:45:00Z,Unlocked a new item.,"Feb 19, 2015 @ 5:45pm"
144,Little Baggy,2015-02-19T17:45:00Z,Unlocked a new item.,"Feb 19, 2015 @ 5:45pm"
148,Rubber Cement,2015-02-19T17:45:00Z,Unlocked a new item.,"Feb 19, 2015 @ 5:45pm"
157,Solar System,2015-02-19T17:45:00Z,Unlocked Challenge #6.,"Feb 19, 2015 @ 5:45pm"
168,Cute Baby,2015-02-19T17:45:00Z,Unlocked a new co-player baby.,"Feb 19, 2015 @ 5:45pm"
138,Ipecac,2015-02-19T19:35:00Z,Unlocked a new item.,"Feb 19, 2015 @ 7:35pm"
167,Lost Baby,2015-02-19T19:35:00Z,Unlocked a new co-player baby.,"Feb 19, 2015 @ 7:35pm"
3,Judas,2015-02-19T19:45:00Z,Unlocked a new character.,"Feb 19, 2015 @ 7:45pm"
43,Mom's Knife,2015-02-19T19:45:00Z,Unlocked a new item.,"Feb 19, 2015 @ 7:45pm"
10,A Quarter,2015-02-23T21:12:00Z,Unlocked a new item.,"Feb 23, 2015 @ 9:12pm"
11,A Fetus in a Jar,2015-02-23T21:12:00Z,Unlocked a new item.,"Feb 23, 2015 @ 9:12pm"
17,Something Cute,2015-02-23T21:12:00Z,New boss in the caves!,"Feb 23, 2015 @ 9:12pm"
18,Something Sticky,2015-02-23T21:12:00Z,New boss in the depths!,"Feb 23, 2015 @ 9:12pm"
24,Little Steven,2015-02-23T21:12:00Z,Unlocked a new item.,"Feb 23, 2015 @ 9:12pm"
25,Little C.H.A.D.,2015-02-23T21:12:00Z,Unlocked a new item.,"Feb 23, 2015 @ 9:12pm"
30,The Scissors,2015-02-23T21:12:00Z,Unlocked a new item.,"Feb 23, 2015 @ 9:12pm"
32,???,2015-02-23T21:12:00Z,Unlocked a new character.,"Feb 23, 2015 @ 9:12pm"
34,It Lives!,2015-02-23T21:12:00Z,Your future's past waits.,"Feb 23, 2015 @ 9:12pm"
38,Spelunker Boy,2015-02-23T21:12:00Z,Beat caves without taking damage.,"Feb 23, 2015 @ 9:12pm"
66,A Forgotten Horseman,2015-02-23T21:12:00Z,Unlocked a new boss!,"Feb 23, 2015 @ 9:12pm"
86,The Cellar,2015-02-23T21:12:00Z,Alt stage to the basement.,"Feb 23, 2015 @ 9:12pm"
89,Rune of Hagalaz,2015-02-23T21:12:00Z,Unlocked a new item.,"Feb 23, 2015 @ 9:12pm"
90,Rune of Jera,2015-02-23T21:12:00Z,Unlocked a new item.,"Feb 23, 2015 @ 9:12pm"
133,Blue Map,2015-02-23T21:12:00Z,Unlocked a new item.,"Feb 23, 2015 @ 9:12pm"
139,Experimental Treatment,2015-02-23T21:12:00Z,Unlocked a new item.,"Feb 23, 2015 @ 9:12pm"
149,Store Upgrade lv.1,2015-02-23T21:12:00Z,Donated 20 pennies to the shop.,"Feb 23, 2015 @ 9:12pm"
155,Darkness Falls,2015-02-23T21:12:00Z,Unlocked Challenge #4.,"Feb 23, 2015 @ 9:12pm"
158,Suicide King,2015-02-23T21:12:00Z,Unlocked Challenge #7.,"Feb 23, 2015 @ 9:12pm"
160,Demo Man,2015-02-23T21:12:00Z,Unlocked Challenge #9.,"Feb 23, 2015 @ 9:12pm"
169,Crow Baby,2015-02-23T21:12:00Z,Unlocked a new co-player baby.,"Feb 23, 2015 @ 9:12pm"
171,Glass Baby,2015-02-23T21:12:00Z,Unlocked a new co-player baby.,"Feb 23, 2015 @ 9:12pm"
172,Wrapped Baby,2015-02-23T21:12:00Z,Unlocked a new co-player baby.,"Feb 23, 2015 @ 9:12pm"
173,Begotten Baby,2015-02-23T21:12:00Z,Unlocked a new co-player baby.,"Feb 23, 2015 @ 9:12pm"
176,Glitch Baby,2015-02-23T21:12:00Z,Unlocked a new co-player baby.,"Feb 23, 2015 @ 9:12pm"
177,Fighting Baby,2015-02-23T21:12:00Z,Unlocked a new co-player baby.,"Feb 23, 2015 @ 9:12pm"
134,There's Options,2015-02-23T22:08:00Z,Unlocked a new item.,"Feb 23, 2015 @ 10:08pm"
61,Lucky Toe,2015-02-24T17:55:00Z,Unlocked a new item.,"Feb 24, 2015 @ 5:55pm"
65,Guppy's Hairball,2015-02-24T17:55:00Z,Unlocked a new item.,"Feb 24, 2015 @ 5:55pm"
127,Daemon's Tail,2015-02-24T17:55:00Z,Unlocked a new item.,"Feb 24, 2015 @ 5:55pm"
135,Black Candle,2015-02-24T17:55:00Z,Unlocked a new item.,"Feb 24, 2015 @ 5:55pm"
150,Store Upgrade lv.2,2015-02-24T17:55:00Z,Donated 100 pennies to the shop.,"Feb 24, 2015 @ 5:55pm"
151,Store Upgrade lv.3,2015-02-24T17:55:00Z,Donated 200 pennies to the shop.,"Feb 24, 2015 @ 5:55pm"
159,Cat Got Your Tongue,2015-02-24T17:55:00Z,Unlocked Challenge #8.,"Feb 24, 2015 @ 5:55pm"
15,Loki's Horns,2015-02-25T16:41:00Z,Unlocked a new item.,"Feb 25, 2015 @ 4:41pm"
23,Little Gish,2015-02-25T16:41:00Z,Unlocked a new item.,"Feb 25, 2015 @ 4:41pm"
36,The Necronomicon,2015-02-25T16:41:00Z,Unlocked a new item.,"Feb 25, 2015 @ 4:41pm"
98,Credit Card,2015-02-25T16:41:00Z,Unlocked a new item.,"Feb 25, 2015 @ 4:41pm"
116,Lazarus' Rags,2015-02-25T16:41:00Z,Unlocked a new item.,"Feb 25, 2015 @ 4:41pm"
126,Satanic Bible,2015-02-25T16:41:00Z,Unlocked a new item.,"Feb 25, 2015 @ 4:41pm"
27,A Halo,2015-02-25T20:50:00Z,Unlocked a new item.,"Feb 25, 2015 @ 8:50pm"
174,Dead Baby,2015-02-25T21:10:00Z,Unlocked a new co-player baby.,"Feb 25, 2015 @ 9:10pm"
92,Rune of Dagaz,2015-02-27T19:02:00Z,Unlocked a new item.,"Feb 27, 2015 @ 7:02pm"
117,Broken Ankh,2015-02-27T19:02:00Z,Unlocked a new item.,"Feb 27, 2015 @ 7:02pm"
166,Red Candle,2015-02-27T19:02:00Z,Unlocked a new item.,"Feb 27, 2015 @ 7:02pm"
29,The D6,2015-02-27T20:54:00Z,Isaac now holds the D6!,"Feb 27, 2015 @ 8:54pm"
152,Store Upgrade lv.4,2015-02-28T16:12:00Z,Donated 600 pennies to the shop.,"Feb 28, 2015 @ 4:12pm"
106,Isaac's Tears,2015-02-28T17:15:00Z,Unlocked a new item.,"Feb 28, 2015 @ 5:15pm"
97,Chaos Card,2015-02-28T18:51:00Z,Unlocked a new item.,"Feb 28, 2015 @ 6:51pm"
9,The Nail,2015-03-03T03:06:00Z,Unlocked a new item.,"Mar 3, 2015 @ 3:06am"
12,A Small Rock,2015-03-03T03:06:00Z,Unlocked a new item.,"Mar 3, 2015 @ 3:06am"
20,A Cross,2015-03-03T03:06:00Z,Unlocked a new item.,"Mar 3, 2015 @ 3:06am"
31,The Parasite,2015-03-03T03:06:00Z,Unlocked a new item.,"Mar 3, 2015 @ 3:06am"
39,Dark Boy,2015-03-03T03:06:00Z,Beat depths without taking damage.,"Mar 3, 2015 @ 3:06am"
40,Mama's Boy,2015-03-03T03:06:00Z,Beat womb without taking damage.,"Mar 3, 2015 @ 3:06am"
41,Golden God!,2015-03-03T03:06:00Z,You are the best!!,"Mar 3, 2015 @ 3:06am"
45,Guardian Angel,2015-03-03T03:06:00Z,Unlocked a new item.,"Mar 3, 2015 @ 3:06am"
47,Demon Baby,2015-03-03T03:06:00Z,Unlocked a new item.,"Mar 3, 2015 @ 3:06am"
50,Celtic Cross,2015-03-03T03:06:00Z,Unlocked a new item.,"Mar 3, 2015 @ 3:06am"
57,The Polaroid,2015-03-03T03:06:00Z,Unlocked a new item.,"Mar 3, 2015 @ 3:06am"
72,Judas' Tongue,2015-03-03T03:06:00Z,Unlocked a new item.,"Mar 3, 2015 @ 3:06am"
78,The Negative,2015-03-03T03:06:00Z,Unlocked a new item.,"Mar 3, 2015 @ 3:06am"
100,Card Against Humanity,2015-03-03T03:06:00Z,Unlocked a new item.,"Mar 3, 2015 @ 3:06am"
107,Guillotine,2015-03-03T03:06:00Z,Unlocked a new item.,"Mar 3, 2015 @ 3:06am"
118,Store Credit,2015-03-03T03:06:00Z,Unlocked a new item.,"Mar 3, 2015 @ 3:06am"
121,Blank Card,2015-03-03T03:06:00Z,Unlocked a new item.,"Mar 3, 2015 @ 3:06am"
122,Book of Secrets,2015-03-03T03:06:00Z,Unlocked a new item.,"Mar 3, 2015 @ 3:06am"
128,Abaddon,2015-03-03T03:06:00Z,Unlocked a new item.,"Mar 3, 2015 @ 3:06am"
153,Angels,2015-03-03T03:06:00Z,They are waiting.,"Mar 3, 2015 @ 3:06am"
170,Shadow Baby,2015-03-03T03:06:00Z,Unlocked a new co-player baby.,"Mar 3, 2015 @ 3:06am"
94,Rune of Perthro,2015-03-03T16:38:00Z,Unlocked a new item.,"Mar 3, 2015 @ 4:38pm"
95,Rune of Berkano,2015-03-03T16:38:00Z,Unlocked a new item.,"Mar 3, 2015 @ 4:38pm"
91,Rune of Ehwaz,2015-03-03T17:13:00Z,Unlocked a new item.,"Mar 3, 2015 @ 5:13pm"
60,Burnt Penny,2015-03-04T17:00:00Z,Unlocked a new item.,"Mar 4, 2015 @ 5:00pm"
63,SMB Super Fan,2015-03-04T17:00:00Z,Unlocked a new item.,"Mar 4, 2015 @ 5:00pm"
104,Technology .5,2015-03-04T17:00:00Z,Unlocked a new item.,"Mar 4, 2015 @ 5:00pm"
115,Samson's Chains,2015-03-04T17:00:00Z,Unlocked a new item.,"Mar 4, 2015 @ 5:00pm"
59,Blue Candle,2015-03-04T20:26:00Z,Unlocked a new item.,"Mar 4, 2015 @ 8:26pm"
68,Something Icky,2015-03-04T20:26:00Z,New boss in the womb!,"Mar 4, 2015 @ 8:26pm"
76,Eve's Bird Foot,2015-03-04T20:26:00Z,Unlocked a new item.,"Mar 4, 2015 @ 8:26pm"
49,The D20,2015-03-05T17:59:00Z,Unlocked a new item.,"Mar 5, 2015 @ 5:59pm"
70,Isaac's Head,2015-03-05T17:59:00Z,Unlocked a new item.,"Mar 5, 2015 @ 5:59pm"
136,Stop Watch,2015-03-05T17:59:00Z,Unlocked a new item.,"Mar 5, 2015 @ 5:59pm"
21,A Bag of Pennies,2015-03-05T19:02:00Z,Unlocked a new item.,"Mar 5, 2015 @ 7:02pm"
75,Cain's Eye,2015-03-05T19:08:00Z,Unlocked a new item.,"Mar 5, 2015 @ 7:08pm"
46,A Bag of Bombs,2015-03-06T03:36:00Z,Unlocked a new item.,"Mar 6, 2015 @ 3:36am"
51,Abel,2015-03-06T03:36:00Z,Unlocked a new item.,"Mar 6, 2015 @ 3:36am"
54,Bloody Lust,2015-03-06T03:36:00Z,Unlocked a new item.,"Mar 6, 2015 @ 3:36am"
55,Blood Penny,2015-03-06T03:36:00Z,Unlocked a new item.,"Mar 6, 2015 @ 3:36am"
44,The Razor,2015-03-06T17:47:00Z,Unlocked a new item.,"Mar 6, 2015 @ 5:47pm"
111,Black Lipstick,2015-03-06T18:54:00Z,Unlocked a new item.,"Mar 6, 2015 @ 6:54pm"
48,Forget Me Now,2015-03-07T17:04:00Z,Unlocked a new item.,"Mar 7, 2015 @ 5:04pm"
56,Blood Rights,2015-03-07T17:04:00Z,Unlocked a new item.,"Mar 7, 2015 @ 5:04pm"
73,???'s Soul,2015-03-07T17:04:00Z,Unlocked a new item.,"Mar 7, 2015 @ 5:04pm"
103,Death's Touch,2015-03-07T17:04:00Z,Unlocked a new item.,"Mar 7, 2015 @ 5:04pm"
120,Suicide King,2015-03-07T17:46:00Z,Unlocked a new item.,"Mar 7, 2015 @ 5:46pm"
82,The Lost,2015-03-07T19:07:00Z,Unlocked a new character.,"Mar 7, 2015 @ 7:07pm"
58,Dad's Key,2015-03-13T00:53:00Z,Unlocked a new item.,"Mar 13, 2015 @ 12:53am"
62,Epic Fetus,2015-03-13T00:53:00Z,Unlocked a new item.,"Mar 13, 2015 @ 12:53am"
83,Dead Boy,2015-03-13T00:53:00Z,Beat Chest or Dark Room without taking damage.,"Mar 13, 2015 @ 12:53am"
99,Rules Card,2015-03-13T00:53:00Z,Unlocked a new item.,"Mar 13, 2015 @ 12:53am"
108,Judas' Shadow,2015-03-13T00:53:00Z,Unlocked a new item.,"Mar 13, 2015 @ 12:53am"
113,Fate,2015-03-13T00:53:00Z,Unlocked a new item.,"Mar 13, 2015 @ 12:53am"
123,Mysterious Paper,2015-03-13T00:53:00Z,Unlocked a new item.,"Mar 13, 2015 @ 12:53am"
125,Undefined,2015-03-13T00:53:00Z,Unlocked a new item.,"Mar 13, 2015 @ 12:53am"
147,Missing Poster,2015-03-13T00:53:00Z,Unlocked a new item.,"Mar 13, 2015 @ 12:53am"
162,Glass Cannon,2015-03-13T00:53:00Z,Unlocked Challenge #11.,"Mar 13, 2015 @ 12:53am"
163,The Family Man,2015-03-13T00:53:00Z,Unlocked Challenge #19.,"Mar 13, 2015 @ 12:53am"
53,Sacrificial Dagger,2015-03-13T02:45:00Z,Unlocked a new item.,"Mar 13, 2015 @ 2:45am"
71,Maggy's Faith,2015-03-14T18:15:00Z,Unlocked a new item.,"Mar 14, 2015 @ 6:15pm"
110,Cain's Other Eye,2015-03-15T20:40:00Z,Unlocked a new item.,"Mar 15, 2015 @ 8:40pm"
96,Rune of Algiz,2015-03-15T21:00:00Z,Unlocked a new item.,"Mar 15, 2015 @ 9:00pm"
105,Missing No.,2015-03-16T17:57:00Z,Unlocked a new item.,"Mar 16, 2015 @ 5:57pm"
74,Samson's Lock,2015-03-16T20:09:00Z,Unlocked a new item.,"Mar 16, 2015 @ 8:09pm"
112,Eve's Mascara,2015-03-16T21:22:00Z,Unlocked a new item.,"Mar 16, 2015 @ 9:22pm"
52,Curved Horn,2015-03-17T01:29:00Z,Unlocked a new item.,"Mar 17, 2015 @ 1:29am"
124,Mystery Sack,2015-03-17T04:21:00Z,Unlocked a new item.,"Mar 17, 2015 @ 4:21am"
119,Pandora's Box,2015-03-17T19:55:00Z,Unlocked a new item.,"Mar 17, 2015 @ 7:55pm"
109,Maggy's Bow,2015-03-18T04:47:00Z,Unlocked a new item.,"Mar 18, 2015 @ 4:47am"
114,???'s Only Friend,2015-03-18T04:47:00Z,Unlocked a new item.,"Mar 18, 2015 @ 4:47am"
178,Lord of the Flies,2015-03-18T04:47:00Z,You became Lord of the Flies.,"Mar 18, 2015 @ 4:47am"
145,Blood Bag,2015-03-18T19:44:00Z,Unlocked a new item.,"Mar 18, 2015 @ 7:44pm"
64,Counterfeit Coin,2015-03-21T22:45:00Z,Unlocked a new item.,"Mar 21, 2015 @ 10:45pm"
146,The D4,2015-03-24T00:12:00Z,Unlocked a new item.,"Mar 24, 2015 @ 12:12am"
129,Isaac's Heart,2015-03-24T05:07:00Z,Unlocked a new item.,"Mar 24, 2015 @ 5:07am"
131,The Body,2015-03-24T05:07:00Z,Unlocked a new item.,"Mar 24, 2015 @ 5:07am"
175,-0- Baby,2015-03-24T05:07:00Z,Unlocked a new co-player baby.,"Mar 24, 2015 @ 5:07am"
165,The D100,2015-03-30T21:53:00Z,Unlocked a new item.,"Mar 30, 2015 @ 9:53pm"
130,The Mind,2015-03-30T22:26:00Z,Unlocked a new item.,"Mar 30, 2015 @ 10:26pm"
132,The Soul,2015-03-30T22:26:00Z,Unlocked a new item.,"Mar 30, 2015 @ 10:26pm"
154,Godhead,2015-03-30T22:26:00Z,Unlocked a new item.,"Mar 30, 2015 @ 10:26pm"
142,Super Meat Boy,2015-04-01T18:57:00Z,Built him out of meat cubes.,"Apr 1, 2015 @ 6:57pm"
19,A Bandage,2015-04-01T20:14:00Z,Unlocked a new item.,"Apr 1, 2015 @ 8:14pm"
69,!Platinum God!,2015-07-28T10:19:00Z,OMG!,"Jul 28, 2015 @ 10:19am"
84,The Real Platinum God,2015-07-28T10:19:00Z,111% now stop playing!,"Jul 28, 2015 @ 10:19am"
198,Lilith,2015-10-30T13:41:00Z,Unlocked a new character.,"Oct 30, 2015 @ 1:41pm"
219,Lucky Pennies,2015-10-30T13:41:00Z,Unlocked a new item.,"Oct 30, 2015 @ 1:41pm"
222,XXXXXXXXL,2015-10-30T13:41:00Z,Unlocked Challenge #21.,"Oct 30, 2015 @ 1:41pm"
223,SPEED!,2015-10-30T13:41:00Z,Unlocked Challenge #22.,"Oct 30, 2015 @ 1:41pm"
224,Blue Bomber,2015-10-30T13:41:00Z,Unlocked Challenge #23.,"Oct 30, 2015 @ 1:41pm"
225,PAY TO PLAY,2015-10-30T13:41:00Z,Unlocked Challenge #24.,"Oct 30, 2015 @ 1:41pm"
226,Have a heart,2015-10-30T13:41:00Z,Unlocked Challenge #25.,"Oct 30, 2015 @ 1:41pm"
227,I RULE!,2015-10-30T13:41:00Z,Unlocked Challenge #26.,"Oct 30, 2015 @ 1:41pm"
228,BRAINS!,2015-10-30T13:41:00Z,Unlocked Challenge #27.,"Oct 30, 2015 @ 1:41pm"
229,PRIDE DAY!,2015-10-30T13:41:00Z,Unlocked Challenge #28.,"Oct 30, 2015 @ 1:41pm"
230,Onan's Streak,2015-10-30T13:41:00Z,Unlocked Challenge #29.,"Oct 30, 2015 @ 1:41pm"
231,The Guardian,2015-10-30T13:41:00Z,Unlocked Challenge #30.,"Oct 30, 2015 @ 1:41pm"
186,Maw of the Void,2015-11-03T18:23:00Z,Unlocked a new item.,"Nov 3, 2015 @ 6:23pm"
191,Lil' Chest,2015-11-03T18:23:00Z,Unlocked a new item.,"Nov 3, 2015 @ 6:23pm"
193,Evil Eye,2015-11-03T18:23:00Z,Unlocked a new item.,"Nov 3, 2015 @ 6:23pm"
194,My Shadow,2015-11-03T18:23:00Z,Unlocked a new item.,"Nov 3, 2015 @ 6:23pm"
196,Black Feather,2015-11-03T18:23:00Z,Unlocked a new item.,"Nov 3, 2015 @ 6:23pm"
199,Key Bum,2015-11-03T18:23:00Z,Unlocked a new item.,"Nov 3, 2015 @ 6:23pm"
202,Box of Friends,2015-11-03T18:23:00Z,Unlocked a new item.,"Nov 3, 2015 @ 6:23pm"
208,Gold Heart,2015-11-03T18:23:00Z,Unlocked a new item.,"Nov 3, 2015 @ 6:23pm"
210,Gold Bomb,2015-11-03T18:23:00Z,Unlocked a new item.,"Nov 3, 2015 @ 6:23pm"
211,2 new pills,2015-11-03T18:23:00Z,Unlocked a new item.,"Nov 3, 2015 @ 6:23pm"
212,2 new pills,2015-11-03T18:23:00Z,Unlocked a new item.,"Nov 3, 2015 @ 6:23pm"
213,Poker Chip,2015-11-03T18:23:00Z,Unlocked a new item.,"Nov 3, 2015 @ 6:23pm"
214,Stud Finder,2015-11-03T18:23:00Z,Unlocked a new item.,"Nov 3, 2015 @ 6:23pm"
215,D8,2015-11-03T18:23:00Z,Unlocked a new item.,"Nov 3, 2015 @ 6:23pm"
216,Kidney Stone,2015-11-03T18:23:00Z,Unlocked a new item.,"Nov 3, 2015 @ 6:23pm"
220,Wooden Nickel,2015-11-03T18:23:00Z,Unlocked a new item.,"Nov 3, 2015 @ 6:23pm"
221,Cain holds Paperclip,2015-11-03T18:23:00Z,Unlocked a new starting item.,"Nov 3, 2015 @ 6:23pm"
257,Special Hanging Shopkeepers,2015-11-03T18:23:00Z,Unlocked a secret.,"Nov 3, 2015 @ 6:23pm"
218,Blue Womb,2015-11-04T19:15:00Z,Unlocked a hidden chapter.,"Nov 4, 2015 @ 7:15pm"
239,Black Baby,2015-11-05T13:27:00Z,Unlocked a new co-player baby.,"Nov 5, 2015 @ 1:27pm"
252,Sucky Baby,2015-11-05T13:27:00Z,Unlocked a new co-player baby.,"Nov 5, 2015 @ 1:27pm"
182,Betrayal,2015-11-06T12:35:00Z,Unlocked a new item.,"Nov 6, 2015 @ 12:35pm"
200,GB Bug,2015-11-07T14:55:00Z,Unlocked a new item.,"Nov 7, 2015 @ 2:55pm"
197,Lusty Blood,2015-11-08T18:21:00Z,Unlocked a new item.,"Nov 8, 2015 @ 6:21pm"
217,Blank Rune,2015-11-08T19:09:00Z,Unlocked a new item.,"Nov 8, 2015 @ 7:09pm"
235,Brown Baby,2015-11-09T18:12:00Z,Unlocked a new co-player baby.,"Nov 9, 2015 @ 6:12pm"
256,Belial Baby,2015-11-09T18:12:00Z,Unlocked a new co-player baby.,"Nov 9, 2015 @ 6:12pm"
179,Fart Baby,2015-11-10T13:42:00Z,Unlocked a new item.,"Nov 10, 2015 @ 1:42pm"
184,Athame,2015-11-10T18:18:00Z,Unlocked a new item.,"Nov 10, 2015 @ 6:18pm"
185,Blind Rage,2015-11-11T14:29:00Z,Unlocked a new item.,"Nov 11, 2015 @ 2:29pm"
238,Rage Baby,2015-11-11T14:46:00Z,Unlocked a new co-player baby.,"Nov 11, 2015 @ 2:46pm"
255,Revenge Baby,2015-11-11T14:46:00Z,Unlocked a new co-player baby.,"Nov 11, 2015 @ 2:46pm"
207,Immaculate Conception,2015-11-11T17:15:00Z,Unlocked a new item.,"Nov 11, 2015 @ 5:15pm"
244,Goat Head Baby,2015-11-11T17:20:00Z,Unlocked a new co-player baby.,"Nov 11, 2015 @ 5:20pm"
190,Incubus,2015-11-11T17:26:00Z,Unlocked a new item.,"Nov 11, 2015 @ 5:26pm"
205,Serpent's Kiss,2015-11-11T17:31:00Z,Unlocked a new item.,"Nov 11, 2015 @ 5:31pm"
206,Succubus,2015-11-11T17:34:00Z,Unlocked a new item.,"Nov 11, 2015 @ 5:34pm"
183,Fate's Reward,2015-11-13T19:10:00Z,Unlocked a new item,"Nov 13, 2015 @ 7:10pm"
209,Get out of Jail Free Card,2015-11-13T21:04:00Z,Unlocked a new item.,"Nov 13, 2015 @ 9:04pm"
192,Censer,2015-11-14T14:24:00Z,Unlocked a new item.,"Nov 14, 2015 @ 2:24pm"
259,Everything is Terrible 2!!!,2015-11-14T14:24:00Z,Greed just got harder!,"Nov 14, 2015 @ 2:24pm"
195,Cracked Dice,2015-11-14T15:05:00Z,Unlocked a new item.,"Nov 14, 2015 @ 3:05pm"
187,Empty Vessel,2015-11-14T19:07:00Z,Unlocked a new item.,"Nov 14, 2015 @ 7:07pm"
203,Rune Bag,2015-11-15T13:22:00Z,Unlocked a new item.,"Nov 15, 2015 @ 1:22pm"
204,Cambion Conception,2015-11-15T13:51:00Z,Unlocked a new item.,"Nov 15, 2015 @ 1:51pm"
243,Big Baby,2015-11-15T13:54:00Z,Unlocked a new co-player baby.,"Nov 15, 2015 @ 1:54pm"
253,Dark Baby,2015-11-15T13:54:00Z,Unlocked a new co-player baby.,"Nov 15, 2015 @ 1:54pm"
260,Special Shopkeepers,2015-11-15T18:29:00Z,Unlocked a secret.,"Nov 15, 2015 @ 6:29pm"
181,D12,2015-11-16T13:24:00Z,Unlocked a new item.,"Nov 16, 2015 @ 1:24pm"
188,Eden's Blessing,2015-11-18T12:00:00Z,Unlocked a new item.,"Nov 18, 2015 @ 12:00pm"
241,Yellow Baby,2015-11-18T12:13:00Z,Unlocked a new co-player baby.,"Nov 18, 2015 @ 12:13pm"
249,Cracked Baby,2015-11-18T12:13:00Z,Unlocked a new co-player baby.,"Nov 18, 2015 @ 12:13pm"
232,Cry Baby,2015-11-18T13:39:00Z,Unlocked a new co-player baby.,"Nov 18, 2015 @ 1:39pm"
246,Buddy Baby,2015-11-18T13:39:00Z,Unlocked a new co-player baby.,"Nov 18, 2015 @ 1:39pm"
237,Lil' Baby,2015-11-18T16:19:00Z,Unlocked a new co-player baby.,"Nov 18, 2015 @ 4:19pm"
248,Whore Baby,2015-11-18T16:19:00Z,Unlocked a new co-player baby.,"Nov 18, 2015 @ 4:19pm"
180,Purity,2015-11-18T17:43:00Z,Unlocked a new item.,"Nov 18, 2015 @ 5:43pm"
234,Green Baby,2015-11-18T21:35:00Z,Unlocked a new co-player baby.,"Nov 18, 2015 @ 9:35pm"
254,Picky Baby,2015-11-18T21:35:00Z,Unlocked a new co-player baby.,"Nov 18, 2015 @ 9:35pm"
240,Long Baby,2015-11-19T11:57:00Z,Unlocked a new co-player baby.,"Nov 19, 2015 @ 11:57am"
250,Dripping Baby,2015-11-19T11:57:00Z,Unlocked a new co-player baby.,"Nov 19, 2015 @ 11:57am"
236,Blue Baby,2015-11-19T16:51:00Z,Unlocked a new co-player baby.,"Nov 19, 2015 @ 4:51pm"
245,Hive Baby,2015-11-19T16:51:00Z,Unlocked a new co-player baby.,"Nov 19, 2015 @ 4:51pm"
233,Red Baby,2015-11-20T14:18:00Z,Unlocked a new co-player baby.,"Nov 20, 2015 @ 2:18pm"
247,Colorful Baby,2015-11-20T14:18:00Z,Unlocked a new co-player baby.,"Nov 20, 2015 @ 2:18pm"
261,Eve now holds Razor Blade,2015-11-21T16:57:00Z,Unlocked a new starting item.,"Nov 21, 2015 @ 4:57pm"
262,Store Key,2015-11-26T19:08:00Z,Unlocked a new item.,"Nov 26, 2015 @ 7:08pm"
263,Lost holds Holy Mantle,2015-11-27T18:17:00Z,Unlocked a new starting item.,"Nov 27, 2015 @ 6:17pm"
189,Sworn Protector,2015-11-28T17:33:00Z,Unlocked a new item.,"Nov 28, 2015 @ 5:33pm"
242,White Baby,2015-11-29T14:56:00Z,Unlocked a new co-player baby.,"Nov 29, 2015 @ 2:56pm"
201,Zodiac,2015-11-30T16:30:00Z,Unlocked a new item.,"Nov 30, 2015 @ 4:30pm"
258,Generosity,2015-12-01T13:00:00Z,...,"Dec 1, 2015 @ 1:00pm"
275,Keeper,2015-12-01T13:00:00Z,Unlocked a new character.,"Dec 1, 2015 @ 1:00pm"
273,Sticky Nickels,2015-12-04T14:15:00Z,Unlocked a new item.,"Dec 4, 2015 @ 2:15pm"
274,Super Greed Baby,2015-12-04T14:20:00Z,Unlocked a new item.,"Dec 4, 2015 @ 2:20pm"
269,Keeper holds Wooden Nickel,2015-12-06T15:23:00Z,Unlocked a new starting item.,"Dec 6, 2015 @ 3:23pm"
271,Deep Pockets,2015-12-06T15:28:00Z,Unlocked a new item.,"Dec 6, 2015 @ 3:28pm"
270,Keeper holds Store Key,2015-12-07T18:06:00Z,Unlocked a new starting item.,"Dec 7, 2015 @ 6:06pm"
272,Karma,2015-12-07T18:10:00Z,Unlocked a new item.,"Dec 7, 2015 @ 6:10pm"
264,Mega,2015-12-07T18:12:00Z,Unlocked...,"Dec 7, 2015 @ 6:12pm"
267,Noose Baby,2015-12-07T18:12:00Z,Unlocked a new item.,"Dec 7, 2015 @ 6:12pm"
266,Rib of Greed,2015-12-09T08:45:00Z,Unlocked a new item.,"Dec 9, 2015 @ 8:45am"
265,Keeper now holds... A Penny!,2015-12-09T11:41:00Z,Unlocked a new item.,"Dec 9, 2015 @ 11:41am"
276,Sale Baby,2015-12-09T11:41:00Z,Unlocked a new item.,"Dec 9, 2015 @ 11:41am"
251,Blinding Baby,2015-12-09T19:23:00Z,Unlocked a new co-player baby.,"Dec 9, 2015 @ 7:23pm"
268,10.01,2016-09-30T21:44:00Z,Nerd x 1000000,"Sep 30, 2016 @ 9:44pm"
277,Backasswards,2017-01-03T18:11:00Z,Unlocked a new challenge.,"Jan 3, 2017 @ 6:11pm"
278,Aprils fool,2017-01-03T18:11:00Z,Unlocked a new challenge.,"Jan 3, 2017 @ 6:11pm"
279,Pokey Mans,2017-01-03T18:11:00Z,Unlocked a new challenge.,"Jan 3, 2017 @ 6:11pm"
280,Ultra Hard,2017-01-03T18:11:00Z,Unlocked a new challenge.,"Jan 3, 2017 @ 6:11pm"
281,PONG,2017-01-03T18:11:00Z,Unlocked a new challenge.,"Jan 3, 2017 @ 6:11pm"
335,Greed's Gullet,2017-01-03T22:12:00Z,Unlocked a new item.,"Jan 3, 2017 @ 10:12pm"
332,Maggy Now Holds a Pill!,2017-01-04T11:48:00Z,Unlocked a new starting item.,"Jan 4, 2017 @ 11:48am"
328,Mr. Resetter!,2017-01-04T14:37:00Z,Unlocked a new item.,"Jan 4, 2017 @ 2:37pm"
299,Eye of Belial,2017-01-04T18:53:00Z,Unlocked a new item.,"Jan 4, 2017 @ 6:53pm"
331,Laz Bleeds More!,2017-01-04T20:12:00Z,Unlocked a new starting item.,"Jan 4, 2017 @ 8:12pm"
314,Locust of Conquest,2017-01-05T12:04:00Z,Unlocked a new item.,"Jan 5, 2017 @ 12:04pm"
318,Smelter,2017-01-05T13:48:00Z,Unlocked a new item.,"Jan 5, 2017 @ 1:48pm"
310,Locust of Wrath,2017-01-05T14:02:00Z,Unlocked a new item.,"Jan 5, 2017 @ 2:02pm"
312,Locust of Famine,2017-01-05T14:20:00Z,Unlocked a new item.,"Jan 5, 2017 @ 2:20pm"
296,D1,2017-01-05T14:56:00Z,Unlocked a new item.,"Jan 5, 2017 @ 2:56pm"
320,New Area,2017-01-07T12:59:00Z,Unlocked a new area.,"Jan 7, 2017 @ 12:59pm"
282,D Infinity,2017-01-07T13:16:00Z,Unlocked a new item.,"Jan 7, 2017 @ 1:16pm"
338,Delirious,2017-01-07T13:16:00Z,Unlocked a new item.,"Jan 7, 2017 @ 1:16pm"
285,Shade,2017-01-07T22:35:00Z,Unlocked a new item.,"Jan 7, 2017 @ 10:35pm"
329,Living on the edge,2017-01-08T21:11:00Z,Unlocked a new item.,"Jan 8, 2017 @ 9:11pm"
290,Dark Prince's Crown,2017-01-09T17:08:00Z,Unlocked a new item.,"Jan 9, 2017 @ 5:08pm"
304,Bat Wing,2017-01-10T17:29:00Z,Unlocked a new item.,"Jan 10, 2017 @ 5:29pm"
334,Samson Feels Healthy!,2017-01-10T17:29:00Z,Unlocked a new starting item.,"Jan 10, 2017 @ 5:29pm"
333,Charged Key,2017-01-11T13:57:00Z,Unlocked a new item.,"Jan 11, 2017 @ 1:57pm"
324,Sin collector,2017-01-13T07:18:00Z,Unlocked a new item.,"Jan 13, 2017 @ 7:18am"
298,Sack of Sacks,2017-01-13T07:28:00Z,Unlocked a new item.,"Jan 13, 2017 @ 7:28am"
302,Crow Heart,2017-01-13T09:50:00Z,Unlocked a new item.,"Jan 13, 2017 @ 9:50am"
315,Hushy,2017-01-13T19:28:00Z,Unlocked a new item.,"Jan 13, 2017 @ 7:28pm"
295,Void,2017-01-13T19:40:00Z,Unlocked a new item.,"Jan 13, 2017 @ 7:40pm"
288,Dull Razor,2017-01-14T17:44:00Z,Unlocked a new item.,"Jan 14, 2017 @ 5:44pm"
311,Locust of Pestilence,2017-01-15T18:04:00Z,Unlocked a new item.,"Jan 15, 2017 @ 6:04pm"
313,Locust of Death,2017-01-15T18:14:00Z,Unlocked a new item.,"Jan 15, 2017 @ 6:14pm"
309,Black Rune,2017-01-16T08:10:00Z,Unlocked a new item.,"Jan 16, 2017 @ 8:10am"
301,Stem Cell,2017-01-16T11:48:00Z,Unlocked a new item.,"Jan 16, 2017 @ 11:48am"
286,King Baby,2017-01-17T13:46:00Z,Unlocked a new co-player baby.,"Jan 17, 2017 @ 1:46pm"
300,Meconium,2017-01-17T20:39:00Z,Unlocked a new item.,"Jan 17, 2017 @ 8:39pm"
284,Silver Dollar,2017-01-17T21:58:00Z,Unlocked a new item.,"Jan 17, 2017 @ 9:58pm"
289,Eden's Soul,2017-01-19T14:10:00Z,Unlocked a new item.,"Jan 19, 2017 @ 2:10pm"
287,Bloody Crown,2017-01-21T10:52:00Z,Unlocked a new item.,"Jan 21, 2017 @ 10:52am"
293,Holy Card,2017-01-23T12:57:00Z,Unlocked a new item.,"Jan 23, 2017 @ 12:57pm"
283,Eucharist,2017-01-23T17:47:00Z,Unlocked a new item.,"Jan 23, 2017 @ 5:47pm"
303,Metronome,2017-01-25T18:05:00Z,Unlocked a new item.,"Jan 25, 2017 @ 6:05pm"
317,Mort Baby,2017-01-27T23:07:00Z,Unlocked a new co-player baby.,"Jan 27, 2017 @ 11:07pm"
319,Apollyon Baby,2017-01-27T23:07:00Z,Unlocked a new co-player baby.,"Jan 27, 2017 @ 11:07pm"
297,Glyph of Balance,2017-01-28T18:10:00Z,Unlocked a new item.,"Jan 28, 2017 @ 6:10pm"
306,Duality,2017-02-05T15:24:00Z,Unlocked a new item.,"Feb 5, 2017 @ 3:24pm"
291,Compound Fracture,2017-02-08T22:23:00Z,Unlocked a new item.,"Feb 8, 2017 @ 10:23pm"
321,Once More with Feeling!,2017-02-09T22:52:00Z,Unlocked a new item.,"Feb 9, 2017 @ 10:52pm"
337,RERUN,2017-02-09T23:24:00Z,Unlocked the power of RERUN.,"Feb 9, 2017 @ 11:24pm"
292,Euthanasia,2017-02-11T19:48:00Z,Unlocked a new item.,"Feb 11, 2017 @ 7:48pm"
305,Plan C,2017-02-12T21:07:00Z,Unlocked a new item.,"Feb 12, 2017 @ 9:07pm"
307,Dad's Lost Coin,2017-02-13T22:32:00Z,Unlocked a new item.,"Feb 13, 2017 @ 10:32pm"
322,Hat trick!,2017-02-15T18:56:00Z,Unlocked a new item.,"Feb 15, 2017 @ 6:56pm"
323,5 Nights at Mom's,2017-02-16T19:28:00Z,Unlocked super special rocks.,"Feb 16, 2017 @ 7:28pm"
326,ZIP!,2017-02-17T14:13:00Z,Unlocked a new item.,"Feb 17, 2017 @ 2:13pm"
327,It's the Key,2017-02-17T14:13:00Z,Unlocked a new item.,"Feb 17, 2017 @ 2:13pm"
308,Eye of Greed,2017-02-17T15:39:00Z,Unlocked a new item.,"Feb 17, 2017 @ 3:39pm"
294,Crooked Penny,2017-02-18T12:04:00Z,Unlocked a new item.,"Feb 18, 2017 @ 12:04pm"
330,U Broke It!,2017-02-21T17:04:00Z,Unlocked a new item.,"Feb 21, 2017 @ 5:04pm"
336,The Marathon,2017-03-04T10:05:00Z,Unlocked a new item.,"Mar 4, 2017 @ 10:05am"
316,Brown Nugget,2017-03-04T17:10:00Z,Unlocked a new item.,"Mar 4, 2017 @ 5:10pm"
325,Dedication,2017-05-11T09:07:00Z,Unlocked a new item.,"May 11, 2017 @ 9:07am"
339,10000,2018-03-03T12:10:00Z,Just Stop!,"Mar 3, 2018 @ 12:10pm"
340,Apollyon,2018-05-13T22:43:00Z,Unlocked a new character.,"May 13, 2018 @ 10:43pm"
341,Greedier!,2018-05-13T22:43:00Z,New mode unlocked!,"May 13, 2018 @ 10:43pm"
342,Burning Basement,2018-05-13T22:43:00Z,Alt stage to the basement.,"May 13, 2018 @ 10:43pm"
343,Flooded Caves,2018-05-13T22:43:00Z,Alt stage to the caves.,"May 13, 2018 @ 10:43pm"
344,Dank Depths,2018-05-13T22:43:00Z,Alt stage to the depths.,"May 13, 2018 @ 10:43pm"
345,Scarred Womb,2018-05-13T22:43:00Z,Alt stage to the womb.,"May 13, 2018 @ 10:43pm"
346,Something wicked this way comes!,2018-05-13T22:43:00Z,Unlocked new bosses!,"May 13, 2018 @ 10:43pm"
347,Something wicked this way comes+!,2018-05-13T22:43:00Z,Unlocked even more bosses!,"May 13, 2018 @ 10:43pm"
348,The gate is open!,2018-05-13T22:43:00Z,Unlocked new enemies!,"May 13, 2018 @ 10:43pm"
350,Mystery Gift,2018-05-13T22:43:00Z,Unlocked a new item.,"May 13, 2018 @ 10:43pm"
351,Sprinkler,2018-05-13T22:43:00Z,Unlocked a new item.,"May 13, 2018 @ 10:43pm"
357,Lil Delirium,2018-05-13T22:43:00Z,Unlocked a new item.,"May 13, 2018 @ 10:43pm"
360,Butter,2018-05-13T22:43:00Z,Unlocked a new item.,"May 13, 2018 @ 10:43pm"
363,Era Walk,2018-05-13T22:43:00Z,Unlocked a new item.,"May 13, 2018 @ 10:43pm"
365,Telekinesis,2018-05-13T22:43:00Z,Unlocked a new item.,"May 13, 2018 @ 10:43pm"
368,Leprosy,2018-05-13T22:43:00Z,Unlocked a new item.,"May 13, 2018 @ 10:43pm"
374,Pop!,2018-05-13T22:43:00Z,Unlocked a new item.,"May 13, 2018 @ 10:43pm"
376,Death's List,2018-05-13T22:43:00Z,Unlocked a new item.,"May 13, 2018 @ 10:43pm"
380,Trisagion,2018-05-13T22:43:00Z,Unlocked a new item.,"May 13, 2018 @ 10:43pm"
381,Extension Cord,2018-05-13T22:43:00Z,Unlocked a new item.,"May 13, 2018 @ 10:43pm"
382,Sacrificial Altar,2018-05-13T22:43:00Z,Unlocked a new item.,"May 13, 2018 @ 10:43pm"
356,Fast Bombs,2018-05-13T22:47:00Z,Unlocked a new item.,"May 13, 2018 @ 10:47pm"
372,7 Seals,2018-05-13T22:47:00Z,Unlocked a new item.,"May 13, 2018 @ 10:47pm"
349,Black Hole,2018-05-13T23:05:00Z,Unlocked a new item.,"May 13, 2018 @ 11:05pm"
355,Buddy in a Box,2018-05-13T23:39:00Z,Unlocked a new item.,"May 13, 2018 @ 11:39pm"
373,Angelic Prism,2018-05-13T23:50:00Z,Unlocked a new item.,"May 13, 2018 @ 11:50pm"
362,Ancient Recall,2018-05-14T00:07:00Z,Unlocked a new item.,"May 14, 2018 @ 12:07am"
388,The Forgotten,2018-05-14T00:17:00Z,Unlocked a new character.,"May 14, 2018 @ 12:17am"
389,Bone Heart,2018-05-14T00:17:00Z,Unlocked a new item.,"May 14, 2018 @ 12:17am"
390,Marrow,2018-05-14T12:14:00Z,Unlocked a new item.,"May 14, 2018 @ 12:14pm"
391,Slipped Rib,2018-05-14T12:22:00Z,Unlocked a new item.,"May 14, 2018 @ 12:22pm"
393,Jaw Bone,2018-05-14T12:37:00Z,Unlocked a new item.,"May 14, 2018 @ 12:37pm"
395,Divorce Papers,2018-05-14T13:06:00Z,Unlocked a new item.,"May 14, 2018 @ 1:06pm"
371,Mr. Me,2018-05-14T13:14:00Z,Unlocked a new item.,"May 14, 2018 @ 1:14pm"
396,Hallowed Ground,2018-05-14T13:20:00Z,Unlocked a new item.,"May 14, 2018 @ 1:20pm"
392,Pointy Rib,2018-05-14T13:27:00Z,Unlocked a new item.,"May 14, 2018 @ 1:27pm"
359,Wooden Cross,2018-05-14T15:54:00Z,Unlocked a new item.,"May 14, 2018 @ 3:54pm"
364,Coupon,2018-05-14T16:53:00Z,Unlocked a new item.,"May 14, 2018 @ 4:53pm"
397,Finger Bone,2018-05-14T20:33:00Z,Unlocked a new item.,"May 14, 2018 @ 8:33pm"
398,Dad's Ring,2018-05-14T20:33:00Z,Unlocked a new item.,"May 14, 2018 @ 8:33pm"
370,Filigree Feather,2018-05-14T21:29:00Z,Unlocked a new item.,"May 14, 2018 @ 9:29pm"
394,Brittle Bones,2018-05-14T21:43:00Z,Unlocked a new item.,"May 14, 2018 @ 9:43pm"
401,Bound Baby,2018-05-14T21:47:00Z,Unlocked a new co-player baby.,"May 14, 2018 @ 9:47pm"
399,Book of the Dead,2018-05-15T18:54:00Z,Unlocked a new item.,"May 15, 2018 @ 6:54pm"
400,Bone Baby,2018-05-15T18:54:00Z,Unlocked a new co-player baby.,"May 15, 2018 @ 6:54pm"
358,Hairpin,2018-05-18T11:12:00Z,Unlocked a new item.,"May 18, 2018 @ 11:12am"
375,Door Stop,2018-05-25T12:52:00Z,Unlocked a new item.,"May 25, 2018 @ 12:52pm"
353,Bozo,2018-06-27T11:48:00Z,Unlocked a new item.,"Jun 27, 2018 @ 11:48am"
352,Angry Fly,2018-12-01T18:09:00Z,Unlocked a new item.,"Dec 1, 2018 @ 6:09pm"
369,Technology Zero,2018-12-01T18:09:00Z,Unlocked a new item.,"Dec 1, 2018 @ 6:09pm"
377,Haemolacria,2018-12-01T18:09:00Z,Unlocked a new item.,"Dec 1, 2018 @ 6:09pm"
379,Schoolbag,2018-12-01T18:09:00Z,Unlocked a new item.,"Dec 1, 2018 @ 6:09pm"
383,Lil Spewer,2018-12-01T18:09:00Z,Unlocked a new item.,"Dec 1, 2018 @ 6:09pm"
386,Rotten Penny,2018-12-01T18:09:00Z,Unlocked a new item.,"Dec 1, 2018 @ 6:09pm"
402,Flat Stone,2018-12-01T18:09:00Z,Unlocked a new item.,"Dec 1, 2018 @ 6:09pm"
385,Marbles,2018-12-25T12:39:00Z,Unlocked a new item.,"Dec 25, 2018 @ 12:39pm"
403,Mystery Egg,2020-02-07T22:12:00Z,Unlocked a new item.,"Feb 7, 2020 @ 10:12pm"
387,Baby-Bender,2020-02-26T22:23:00Z,Unlocked a new item.,"Feb 26, 2020 @ 10:23pm"
366,Moving Box,2020-03-05T18:22:00Z,Unlocked a new item.,"Mar 5, 2020 @ 6:22pm"
378,Lachryphagy,2020-10-08T01:32:00Z,Unlocked a new item.,"Oct 8, 2020 @ 1:32am"
384,Blanket,2020-10-11T13:29:00Z,Unlocked a new item.,"Oct 11, 2020 @ 1:29pm"
367,Jumper Cables,2020-10-12T13:32:00Z,Unlocked a new item.,"Oct 12, 2020 @ 1:32pm"
361,Huge Growth,2020-10-13T18:09:00Z,Unlocked a new item.,"Oct 13, 2020 @ 6:09pm"
354,Broken Modem,2020-10-16T14:19:00Z,Unlocked a new item.,"Oct 16, 2020 @ 2:19pm"
508,Dirty Mind,2021-04-04T22:24:00Z,Complete Challenge 36.,"Apr 4, 2021 @ 10:24pm"
565,Member Card,2021-04-05T15:05:00Z,Spend 40+ pennies in a single shop.,"Apr 5, 2021 @ 3:05pm"
404,Bethany,2021-04-08T17:19:00Z,Beat Hard mode as Lazarus without losing a life,"Apr 8, 2021 @ 5:19pm"
500,Bloody Mary,2021-04-08T17:19:00Z,Unlocked a new challenge.,"Apr 8, 2021 @ 5:19pm"
421,Beth's Faith,2021-04-09T15:38:00Z,Complete Boss Rush with Bethany.,"Apr 9, 2021 @ 3:38pm"
416,Wisp Baby,2021-04-09T15:43:00Z,Beat the game in Hard mode with Bethany.,"Apr 9, 2021 @ 3:43pm"
417,Book of Virtues,2021-04-09T15:54:00Z,Complete the Cathedral with Bethany.,"Apr 9, 2021 @ 3:54pm"
566,Golden Razor,2021-04-09T16:05:00Z,Obtain 99 pennies. Then spend every single one of them.,"Apr 9, 2021 @ 4:05pm"
419,Blessed Penny,2021-04-09T16:07:00Z,Complete the Chest with Bethany.,"Apr 9, 2021 @ 4:07pm"
425,Star of Bethlehem,2021-04-09T16:31:00Z,Beat the Void with Bethany.,"Apr 9, 2021 @ 4:31pm"
509,Sigil of Baphomet,2021-04-09T17:23:00Z,Complete Challenge 37.,"Apr 9, 2021 @ 5:23pm"
409,Fruity Plum,2021-04-28T18:12:00Z,Defeat Baby Plum 10 times.,"Apr 28, 2021 @ 6:12pm"
407,A Secret Exit,2021-04-29T16:57:00Z,Complete ??? 3 times.,"Apr 29, 2021 @ 4:57pm"
535,Brimstone Bombs,2021-05-01T17:17:00Z,Kill Hornfel before he escapes!,"May 1, 2021 @ 5:17pm"
412,Dross,2021-05-01T21:45:00Z,Defeat all bosses in Downpour.,"May 1, 2021 @ 9:45pm"
413,Ashpit,2021-05-01T22:42:00Z,Defeat all bosses in the Mines.,"May 1, 2021 @ 10:42pm"
414,Gehenna,2021-05-02T01:06:00Z,Defeat all bosses in the Mausoleum.,"May 2, 2021 @ 1:06am"
411,Rotten Heart,2021-05-02T01:14:00Z,Enter the Corpse...,"May 2, 2021 @ 1:14am"
405,Jacob and Esau,2021-05-02T11:55:00Z,You are just like your father...,"May 2, 2021 @ 11:55am"
452,Devil's Crown,2021-05-02T11:55:00Z,Complete the Corpse with Azazel.,"May 2, 2021 @ 11:55am"
502,Isaac's Awakening,2021-05-02T11:55:00Z,Unlocked a new challenge.,"May 2, 2021 @ 11:55am"
503,Seeing Double,2021-05-02T11:55:00Z,Unlocked a new challenge.,"May 2, 2021 @ 11:55am"
615,A Strange Door,2021-05-02T11:55:00Z,Where could it lead to?,"May 2, 2021 @ 11:55am"
444,Akeldama,2021-05-02T22:44:00Z,Complete the Corpse with Judas.,"May 2, 2021 @ 10:44pm"
415,Red Key,2021-05-04T16:01:00Z,The other side is calling...,"May 4, 2021 @ 4:01pm"
470,The Broken,2021-05-04T16:02:00Z,???,"May 4, 2021 @ 4:02pm"
453,Lil Abaddon,2021-05-04T21:03:00Z,Complete the final chapter with Azazel.,"May 4, 2021 @ 9:03pm"
511,Spirit Sword,2021-05-08T11:15:00Z,Complete Challenge 39.,"May 8, 2021 @ 11:15am"
410,Plum Flute,2021-05-08T11:47:00Z,Make a new friend!,"May 8, 2021 @ 11:47am"
599,Soul of Isaac,2021-05-08T12:13:00Z,???,"May 8, 2021 @ 12:13pm"
582,Mega Chest,2021-05-08T12:30:00Z,???,"May 8, 2021 @ 12:30pm"
475,The Curdled,2021-05-10T15:41:00Z,???,"May 10, 2021 @ 3:41pm"
512,Broken Glasses,2021-05-10T22:03:00Z,Complete Challenge 40.,"May 10, 2021 @ 10:03pm"
428,Double Baby,2021-05-10T22:55:00Z,Beat the game in Hard mode with Jacob and Esau.,"May 10, 2021 @ 10:55pm"
433,Rock Bottom,2021-05-11T14:27:00Z,Complete Boss Rush with Jacob and Esau.,"May 11, 2021 @ 2:27pm"
431,Birthright,2021-05-11T18:57:00Z,Complete the Chest with Jacob and Esau.,"May 11, 2021 @ 6:57pm"
418,Urn of Souls,2021-05-12T21:38:00Z,Complete Sheol with Bethany.,"May 12, 2021 @ 9:38pm"
501,Baptism by Fire,2021-05-12T21:38:00Z,Unlocked a new challenge.,"May 12, 2021 @ 9:38pm"
420,Alabaster Box,2021-05-12T21:47:00Z,Complete the Dark Room with Bethany.,"May 12, 2021 @ 9:47pm"
427,Glowing Baby,2021-05-12T22:20:00Z,Defeat Mega Satan with Bethany.,"May 12, 2021 @ 10:20pm"
438,Meat Cleaver,2021-05-17T21:34:00Z,Complete the Corpse with Isaac.,"May 17, 2021 @ 9:34pm"
406,The Planetarium,2021-05-23T21:32:00Z,Kids shouldn't believe in fortunes...,"May 23, 2021 @ 9:32pm"
422,Soul Locket,2021-05-23T22:29:00Z,Beat Greed mode with Bethany.,"May 23, 2021 @ 10:29pm"
424,Vade Retro,2021-05-23T22:29:00Z,Beat Greedier mode with Bethany.,"May 23, 2021 @ 10:29pm"
442,Guppy's Eye,2021-05-25T19:30:00Z,Complete the Corpse with Cain.,"May 25, 2021 @ 7:30pm"
510,Purgatory,2021-05-25T22:05:00Z,Complete Challenge 38.,"May 25, 2021 @ 10:05pm"
439,Options?,2021-05-27T20:56:00Z,Complete the final chapter with Isaac.,"May 27, 2021 @ 8:56pm"
473,The Deceiver,2021-05-29T13:55:00Z,???,"May 29, 2021 @ 1:55pm"
471,The Dauntless,2021-05-29T18:38:00Z,???,"May 29, 2021 @ 6:38pm"
472,The Hoarder,2021-05-29T19:21:00Z,???,"May 29, 2021 @ 7:21pm"
505,Cantripped!,2021-05-29T19:21:00Z,Unlocked a new challenge.,"May 29, 2021 @ 7:21pm"
474,The Soiled,2021-05-29T20:10:00Z,???,"May 29, 2021 @ 8:10pm"
586,Charming Poop,2021-05-30T12:54:00Z,???,"May 30, 2021 @ 12:54pm"
570,IBS,2021-05-30T13:16:00Z,???,"May 30, 2021 @ 1:16pm"
534,Old Capacitor,2021-05-30T15:03:00Z,Kill 10 Battery Bums.,"May 30, 2021 @ 3:03pm"
476,The Savage,2021-05-30T15:26:00Z,???,"May 30, 2021 @ 3:26pm"
451,Empty Heart,2021-05-30T15:37:00Z,Complete the final chapter with Samson.,"May 30, 2021 @ 3:37pm"
477,The Benighted,2021-05-30T20:46:00Z,???,"May 30, 2021 @ 8:46pm"
521,Justice,2021-05-31T14:15:00Z,Complete Challenge 43.,"May 31, 2021 @ 2:15pm"
479,The Capricious,2021-06-01T14:25:00Z,???,"Jun 1, 2021 @ 2:25pm"
507,DELETE THIS,2021-06-01T14:25:00Z,TODO: remove this achievement,"Jun 1, 2021 @ 2:25pm"
457,Everything Jar,2021-06-01T14:30:00Z,Complete the final chapter with Eden.,"Jun 1, 2021 @ 2:30pm"
533,The World,2021-06-01T19:53:00Z,???,"Jun 1, 2021 @ 7:53pm"
528,The Devil,2021-06-02T13:51:00Z,???,"Jun 2, 2021 @ 1:51pm"
530,The Stars,2021-06-02T22:51:00Z,???,"Jun 2, 2021 @ 10:51pm"
514,The Magician,2021-06-02T23:22:00Z,???,"Jun 2, 2021 @ 11:22pm"
478,The Enigma,2021-06-03T15:10:00Z,???,"Jun 3, 2021 @ 3:10pm"
455,Astral Projection,2021-06-03T15:19:00Z,Complete the final chapter with Lazarus.,"Jun 3, 2021 @ 3:19pm"
480,The Baleful,2021-06-03T16:04:00Z,???,"Jun 3, 2021 @ 4:04pm"
527,Temperance,2021-06-03T19:53:00Z,INVALID_DESCRIPTION,"Jun 3, 2021 @ 7:53pm"
524,Strength,2021-06-05T20:14:00Z,???,"Jun 5, 2021 @ 8:14pm"
604,Soul of Samson,2021-06-07T22:46:00Z,???,"Jun 7, 2021 @ 10:46pm"
538,Holy Crown,2021-06-09T21:24:00Z,???,"Jun 9, 2021 @ 9:24pm"
568,Hypercoagulation,2021-06-09T21:29:00Z,???,"Jun 9, 2021 @ 9:29pm"
516,The Empress,2021-06-10T00:34:00Z,???,"Jun 10, 2021 @ 12:34am"
523,Wheel of Fortune,2021-06-10T15:59:00Z,???,"Jun 10, 2021 @ 3:59pm"
605,Soul of Azazel,2021-06-10T18:39:00Z,???,"Jun 10, 2021 @ 6:39pm"
589,Hell Game,2021-06-10T18:52:00Z,???,"Jun 10, 2021 @ 6:52pm"
485,The Zealot,2021-06-12T11:18:00Z,???,"Jun 12, 2021 @ 11:18am"
445,Redemption,2021-06-14T20:38:00Z,Complete the final chapter with Judas.,"Jun 14, 2021 @ 8:38pm"
440,Yuck Heart,2021-06-17T21:21:00Z,Complete the Corpse with Magdalene.,"Jun 17, 2021 @ 9:21pm"
408,Forgotten Lullaby,2021-06-18T18:26:00Z,Get that song out of her head.,"Jun 18, 2021 @ 6:26pm"
450,Bloody Gust,2021-06-18T19:31:00Z,Complete the Corpse with Samson.,"Jun 18, 2021 @ 7:31pm"
548,Wicked Crown,2021-06-23T15:22:00Z,???,"Jun 23, 2021 @ 3:22pm"
601,Soul of Judas,2021-06-23T23:44:00Z,???,"Jun 23, 2021 @ 11:44pm"
540,Your Soul,2021-06-24T15:01:00Z,???,"Jun 24, 2021 @ 3:01pm"
536,Mom's Lock,2021-06-27T12:01:00Z,???,"Jun 27, 2021 @ 12:01pm"
572,Berserk!,2021-06-27T16:33:00Z,???,"Jun 27, 2021 @ 4:33pm"
588,Crane Game,2021-06-27T16:33:00Z,???,"Jun 27, 2021 @ 4:33pm"
544,Strange Key,2021-06-28T14:46:00Z,???,"Jun 28, 2021 @ 2:46pm"
541,Number Magnet,2021-06-28T22:26:00Z,???,"Jun 28, 2021 @ 10:26pm"
443,A Pound of Flesh,2021-06-30T15:52:00Z,Complete the final chapter with Cain.,"Jun 30, 2021 @ 3:52pm"
567,Spindown Dice,2021-07-01T17:07:00Z,???,"Jul 1, 2021 @ 5:07pm"
585,Black Sack,2021-07-07T16:50:00Z,???,"Jul 7, 2021 @ 4:50pm"
546,Temporary Tattoo,2021-07-08T15:10:00Z,???,"Jul 8, 2021 @ 3:10pm"
487,Glitched Crown,2021-07-08T22:54:00Z,???,"Jul 8, 2021 @ 10:54pm"
537,Dice Bag,2021-07-10T16:55:00Z,???,"Jul 10, 2021 @ 4:55pm"
489,Sanguine Bond,2021-07-11T15:38:00Z,???,"Jul 11, 2021 @ 3:38pm"
569,Dark Arts,2021-07-11T19:49:00Z,???,"Jul 11, 2021 @ 7:49pm"
547,Swallowed M80,2021-07-12T15:25:00Z,???,"Jul 12, 2021 @ 3:25pm"
549,Azazel's Stump,2021-07-12T16:22:00Z,???,"Jul 12, 2021 @ 4:22pm"
493,Azazel's Rage,2021-07-13T14:50:00Z,???,"Jul 13, 2021 @ 2:50pm"
603,Soul of Eve,2021-07-13T16:46:00Z,???,"Jul 13, 2021 @ 4:46pm"
571,Sumptorium,2021-07-13T20:23:00Z,???,"Jul 13, 2021 @ 8:23pm"
587,Horse Pill,2021-07-13T20:23:00Z,???,"Jul 13, 2021 @ 8:23pm"
573,Hemoptysis,2021-07-13T21:17:00Z,???,"Jul 13, 2021 @ 9:17pm"
456,M,2021-07-13T22:56:00Z,Complete the Corpse with Eden.,"Jul 13, 2021 @ 10:56pm"
607,Soul of Eden,2021-07-14T19:38:00Z,???,"Jul 14, 2021 @ 7:38pm"
492,Larynx,2021-07-16T17:08:00Z,???,"Jul 16, 2021 @ 5:08pm"
613,Soul of Bethany,2021-07-16T21:22:00Z,???,"Jul 16, 2021 @ 9:22pm"
563,Expansion Pack,2021-07-16T21:27:00Z,???,"Jul 16, 2021 @ 9:27pm"
597,Confessional,2021-07-16T21:31:00Z,???,"Jul 16, 2021 @ 9:31pm"
580,Lemegeton,2021-07-16T21:50:00Z,???,"Jul 16, 2021 @ 9:50pm"
518,The Hierophant,2021-07-16T22:22:00Z,???,"Jul 16, 2021 @ 10:22pm"
449,Cracked Orb,2021-07-19T17:13:00Z,Complete the final chapter with Eve.,"Jul 19, 2021 @ 5:13pm"
448,Bird Cage,2021-07-23T23:45:00Z,Complete the Corpse with Eve.,"Jul 23, 2021 @ 11:45pm"
483,The Empty,2021-07-24T14:09:00Z,???,"Jul 24, 2021 @ 2:09pm"
611,Soul of Apollyon,2021-07-24T15:16:00Z,???,"Jul 24, 2021 @ 3:16pm"
529,The Tower,2021-07-25T09:50:00Z,???,"Jul 25, 2021 @ 9:50am"
559,Cricket Leg,2021-07-25T16:29:00Z,???,"Jul 25, 2021 @ 4:29pm"
595,Rotten Beggar,2021-07-25T17:35:00Z,???,"Jul 25, 2021 @ 5:35pm"
560,Apollyon's Best Friend,2021-07-25T21:15:00Z,???,"Jul 25, 2021 @ 9:15pm"
458,Lost Soul,2021-08-10T19:13:00Z,Complete the Corpse with the Lost.,"Aug 10, 2021 @ 7:13pm"
459,Hungry Soul,2021-08-10T19:13:00Z,Complete the final chapter with the Lost.,"Aug 10, 2021 @ 7:13pm"
498,Echo Chamber,2021-08-10T19:13:00Z,???,"Aug 10, 2021 @ 7:13pm"
551,Nuh Uh!,2021-09-19T13:57:00Z,???,"Sep 19, 2021 @ 1:57pm"
591,Wild Card,2021-09-19T14:02:00Z,???,"Sep 19, 2021 @ 2:02pm"
575,Corrupted Data,2021-09-19T14:15:00Z,???,"Sep 19, 2021 @ 2:15pm"
454,Tinytoma,2022-05-16T21:34:00Z,Complete the Corpse with Lazarus.,"May 16, 2022 @ 9:34pm"
564,Beth's Essence,2022-05-29T13:41:00Z,???,"May 29, 2022 @ 1:41pm"
481,The Harlot,2022-05-29T22:32:00Z,???,"May 29, 2022 @ 10:32pm"
447,Montezuma's Revenge,2022-05-29T22:42:00Z,Complete the final chapter with ???.,"May 29, 2022 @ 10:42pm"
609,Soul of Lilith,2022-05-30T18:40:00Z,???,"May 30, 2022 @ 6:40pm"
441,Candy Heart,2022-06-05T17:17:00Z,Complete the final chapter with Magdalene.,"Jun 5, 2022 @ 5:17pm"
446,Eternal D6,2022-06-06T23:06:00Z,Complete the Corpse with ???.,"Jun 6, 2022 @ 11:06pm"
555,The Twins,2022-06-14T18:57:00Z,???,"Jun 14, 2022 @ 6:57pm"
593,Fool's Gold,2022-06-14T19:01:00Z,???,"Jun 14, 2022 @ 7:01pm"
515,The High Priestess,2022-06-14T21:42:00Z,???,"Jun 14, 2022 @ 9:42pm"
577,Gello,2022-06-15T20:56:00Z,???,"Jun 15, 2022 @ 8:56pm"
556,Adoption Papers,2022-06-15T23:15:00Z,???,"Jun 15, 2022 @ 11:15pm"
608,Soul of the Lost,2022-06-18T19:42:00Z,???,"Jun 18, 2022 @ 7:42pm"
465,Worm Friend,2022-06-20T17:59:00Z,Complete the final chapter with Apollyon.,"Jun 20, 2022 @ 5:59pm"
488,Belly Jelly,2022-06-20T21:31:00Z,???,"Jun 20, 2022 @ 9:31pm"
496,Twisted Pair,2022-06-23T21:17:00Z,???,"Jun 23, 2022 @ 9:17pm"
494,TMTRAINER,2022-06-23T22:09:00Z,???,"Jun 23, 2022 @ 10:09pm"
461,C Section,2022-06-24T18:56:00Z,Complete the final chapter with Lilith.,"Jun 24, 2022 @ 6:56pm"
460,Blood Puppy,2022-06-30T20:54:00Z,Complete the Corpse with Lilith.,"Jun 30, 2022 @ 8:54pm"
482,The Miser,2022-07-06T18:56:00Z,???,"Jul 6, 2022 @ 6:56pm"
610,Soul of the Keeper,2022-07-07T18:46:00Z,???,"Jul 7, 2022 @ 6:46pm"
557,Keeper's Bargain,2022-07-07T23:19:00Z,???,"Jul 7, 2022 @ 11:19pm"
525,The Hanged Man,2022-07-08T21:08:00Z,???,"Jul 8, 2022 @ 9:08pm"
499,Vengeful Spirit,2022-07-09T14:46:00Z,???,"Jul 9, 2022 @ 2:46pm"
519,The Lovers,2022-07-09T21:30:00Z,???,"Jul 9, 2022 @ 9:30pm"
468,Revelation,2022-07-10T11:47:00Z,Complete the Corpse with Bethany.,"Jul 10, 2022 @ 11:47am"
462,Keeper's Sack,2022-07-10T16:08:00Z,Complete the Corpse with Keeper.,"Jul 10, 2022 @ 4:08pm"
463,Keeper's Box,2022-07-10T21:03:00Z,Complete the final chapter with Keeper.,"Jul 10, 2022 @ 9:03pm"
517,The Emperor,2022-07-13T18:37:00Z,???,"Jul 13, 2022 @ 6:37pm"
513,The Fool,2022-07-14T21:32:00Z,???,"Jul 14, 2022 @ 9:32pm"
469,Jar of Wisps,2022-07-16T00:18:00Z,Complete the final chapter with Bethany.,"Jul 16, 2022 @ 12:18am"
578,Keeper's Kin,2022-07-19T18:15:00Z,???,"Jul 19, 2022 @ 6:15pm"
602,Soul of ???,2022-07-20T21:09:00Z,???,"Jul 20, 2022 @ 9:09pm"
497,Strawman,2022-07-22T18:00:00Z,???,"Jul 22, 2022 @ 6:00pm"
435,Vanishing Twin,2022-07-23T10:24:00Z,Complete ??? with Jacob and Esau.,"Jul 23, 2022 @ 10:24am"
423,Divine Intervention,2022-07-26T17:51:00Z,Complete ??? with Bethany.,"Jul 26, 2022 @ 5:51pm"
426,Hope Baby,2022-07-26T17:51:00Z,Beat everything in Hard mode with Bethany.,"Jul 26, 2022 @ 5:51pm"
464,Lil Portal,2022-07-28T18:27:00Z,Complete the Corpse with Apollyon.,"Jul 28, 2022 @ 6:27pm"
594,Golden Penny,2022-08-01T17:11:00Z,???,"Aug 1, 2022 @ 5:11pm"
579,Abyss,2022-08-02T20:54:00Z,???,"Aug 2, 2022 @ 8:54pm"
600,Soul of Magdalene,2022-08-04T19:21:00Z,???,"Aug 4, 2022 @ 7:21pm"
552,Modeling Clay,2022-08-04T21:24:00Z,???,"Aug 4, 2022 @ 9:24pm"
486,The Deserter,2022-08-07T11:32:00Z,???,"Aug 7, 2022 @ 11:32am"
506,Red Redemption,2022-08-07T11:32:00Z,Unlocked a new challenge.,"Aug 7, 2022 @ 11:32am"
558,Cursed Penny,2022-08-09T18:51:00Z,???,"Aug 9, 2022 @ 6:51pm"
542,Dingle Berry,2022-08-11T21:14:00Z,???,"Aug 11, 2022 @ 9:14pm"
430,Red Stew,2022-08-14T15:19:00Z,Complete Sheol with Jacob and Esau.,"Aug 14, 2022 @ 3:19pm"
434,Inner Child,2022-08-15T22:25:00Z,Beat Greed mode with Jacob and Esau.,"Aug 15, 2022 @ 10:25pm"
436,Genesis,2022-08-15T22:25:00Z,Beat Greedier mode with Jacob and Esau.,"Aug 15, 2022 @ 10:25pm"
429,The Stairway,2022-08-19T21:42:00Z,Complete the Cathedral with Jacob and Esau.,"Aug 19, 2022 @ 9:42pm"
614,Soul of Jacob and Esau,2022-08-27T19:41:00Z,???,"Aug 27, 2022 @ 7:41pm"
581,Anima Sola,2022-08-27T19:54:00Z,???,"Aug 27, 2022 @ 7:54pm"
583,Queen of Hearts,2022-08-27T23:05:00Z,???,"Aug 27, 2022 @ 11:05pm"
522,The Hermit,2022-08-28T11:30:00Z,Complete Challenge 44.,"Aug 28, 2022 @ 11:30am"
531,The Sun and the Moon,2022-08-28T13:43:00Z,???,"Aug 28, 2022 @ 1:43pm"
539,Mother's Kiss,2022-09-14T21:53:00Z,???,"Sep 14, 2022 @ 9:53pm"
543,Ring Cap,2022-09-17T16:11:00Z,???,"Sep 17, 2022 @ 4:11pm"
592,Haunted Chest,2022-09-22T20:23:00Z,???,"Sep 22, 2022 @ 8:23pm"
576,Ghost Bombs,2022-09-22T20:31:00Z,???,"Sep 22, 2022 @ 8:31pm"
584,Gold Pill,2022-09-23T19:20:00Z,???,"Sep 23, 2022 @ 7:20pm"
491,Heartbreak,2022-09-24T19:32:00Z,???,"Sep 24, 2022 @ 7:32pm"
545,Lil Clot,2022-09-25T11:05:00Z,???,"Sep 25, 2022 @ 11:05am"
495,Sacred Orb,2022-09-25T23:17:00Z,???,"Sep 25, 2022 @ 11:17pm"
467,Spirit Shackles,2022-09-29T19:03:00Z,Complete the final chapter with the Forgotten.,"Sep 29, 2022 @ 7:03pm"
484,The Fettered,2022-09-29T21:13:00Z,???,"Sep 29, 2022 @ 9:13pm"
504,Hot Potato,2022-09-29T21:13:00Z,Unlocked a new challenge.,"Sep 29, 2022 @ 9:13pm"
466,Bone Spurs,2022-10-01T11:07:00Z,Complete the Corpse with the Forgotten.,"Oct 1, 2022 @ 11:07am"
490,The Swarm,2022-10-05T21:38:00Z,???,"Oct 5, 2022 @ 9:38pm"
612,Soul of the Forgotten,2022-10-08T09:04:00Z,???,"Oct 8, 2022 @ 9:04am"
596,Golden Battery,2022-10-08T09:13:00Z,???,"Oct 8, 2022 @ 9:13am"
553,Kid's Drawing,2022-10-08T11:58:00Z,???,"Oct 8, 2022 @ 11:58am"
526,Death,2022-10-08T22:02:00Z,???,"Oct 8, 2022 @ 10:02pm"
432,Damocles,2022-10-08T23:41:00Z,Complete the Dark Room with Jacob and Esau.,"Oct 8, 2022 @ 11:41pm"
561,Polished Bone,2022-10-09T14:16:00Z,???,"Oct 9, 2022 @ 2:16pm"
562,Hollow Heart,2022-10-09T22:27:00Z,???,"Oct 9, 2022 @ 10:27pm"
520,The Chariot,2022-10-12T18:17:00Z,Complete Challenge 42.,"Oct 12, 2022 @ 6:17pm"
554,Crystal Key,2022-11-03T23:26:00Z,???,"Nov 3, 2022 @ 11:26pm"
437,Illusion Baby,2022-11-05T12:33:00Z,Defeat Mega Satan with Jacob and Esau.,"Nov 5, 2022 @ 12:33pm"
598,Golden Trinket,2022-11-06T12:38:00Z,???,"Nov 6, 2022 @ 12:38pm"
590,Wooden Chest,2022-11-06T21:57:00Z,???,"Nov 6, 2022 @ 9:57pm"
574,Flip,2022-11-06T22:19:00Z,???,"Nov 6, 2022 @ 10:19pm"
606,Soul of Lazarus,2022-11-07T19:48:00Z,???,"Nov 7, 2022 @ 7:48pm"
550,Torn Pocket,2022-11-07T20:02:00Z,???,"Nov 7, 2022 @ 8:02pm"
532,Judgement,2022-11-07T21:14:00Z,???,"Nov 7, 2022 @ 9:14pm"
